bookname,bookdetail,bookscore,bookscorenums,bookquote,bookimg
追风筝的人,[美] 卡勒德·胡赛尼 / 李继宏 / 上海人民出版社 / 2006-5 / 29.00元,8.9,565276,为你，千千万万遍,https://img3.doubanio.com/view/subject/m/public/s1727290.jpg
解忧杂货店,[日] 东野圭吾 / 李盈春 / 南海出版公司 / 2014-5 / 39.50元,8.5,563795,一碗精心熬制的东野牌鸡汤，拒绝很难,https://img3.doubanio.com/view/subject/m/public/s27264181.jpg
小王子,[法] 圣埃克苏佩里 / 马振聘 / 人民文学出版社 / 2003-8 / 22.00元,9.0,487033,献给长成了大人的孩子们,https://img3.doubanio.com/view/subject/m/public/s1103152.jpg
白夜行,[日] 东野圭吾 / 刘姿君 / 南海出版公司 / 2008-9 / 29.80元,9.1,421874,暗夜独行的残破灵魂，爱与恶本就难分难舍,https://img3.doubanio.com/view/subject/m/public/s4610502.jpg
活着,余华 / 作家出版社 / 2012-8-1 / 20.00元,9.4,367600,生的苦难与伟大,https://img3.doubanio.com/view/subject/m/public/s29053580.jpg
嫌疑人X的献身,[日] 东野圭吾 / 刘子倩 / 南海出版公司 / 2008-9 / 28.00,8.9,352311,数学好是一种极致的浪漫,https://img9.doubanio.com/view/subject/m/public/s3254244.jpg
三体,刘慈欣 / 重庆出版社 / 2008-1 / 23.00,8.8,335579,你我不过都是虫子,https://img1.doubanio.com/view/subject/m/public/s2768378.jpg
围城,钱锺书 / 人民文学出版社 / 1991-2 / 19.00,8.9,328624,对于“人艰不拆”四个字最彻底的违抗,https://img3.doubanio.com/view/subject/m/public/s1070222.jpg
挪威的森林,[日] 村上春树 / 林少华 / 上海译文出版社 / 2001-2 / 18.80元,8.0,299259,村上之发轫，多少人的青春启蒙,https://img3.doubanio.com/view/subject/m/public/s1228930.jpg
红楼梦,[清] 曹雪芹 著 / 人民文学出版社 / 1996-12 / 59.70元,9.6,238712,谁解其中味？,https://img1.doubanio.com/view/subject/m/public/s1070959.jpg
百年孤独,[哥伦比亚] 加西亚·马尔克斯 / 范晔 / 南海出版公司 / 2011-6 / 39.50元,9.2,245015,尼采所谓的永劫复归，一场无始无终的梦魇,https://img9.doubanio.com/view/subject/m/public/s6384944.jpg
看见,柴静 / 广西师范大学出版社 / 2013-1-1 / 39.80元,8.8,239881,在这里看见中国,https://img3.doubanio.com/view/subject/m/public/s24468373.jpg
平凡的世界（全三部）,路遥 / 人民文学出版社 / 2005-1 / 64.00元,9.0,213679,中国当代城乡生活全景,https://img3.doubanio.com/view/subject/m/public/s1144911.jpg
三体Ⅱ,刘慈欣 / 重庆出版社 / 2008-5 / 32.00,9.3,199868,无边的黑暗森林，比第一部更为恢弘壮丽,https://img3.doubanio.com/view/subject/m/public/s3078482.jpg
三体Ⅲ,刘慈欣 / 重庆出版社 / 2010-11 / 38.00元,9.2,194058,终章，何去何从,https://img9.doubanio.com/view/subject/m/public/s26012674.jpg
我们仨,杨绛 / 生活·读书·新知三联书店 / 2003-7 / 18.80元,8.7,201381,平淡，坚忍，温情,https://img3.doubanio.com/view/subject/m/public/s1015872.jpg
天才在左 疯子在右,高铭 / 武汉大学出版社 / 2010-2 / 29.80元,8.1,209302,简称“疯癫与文明”,https://img1.doubanio.com/view/subject/m/public/s6340977.jpg
达·芬奇密码,[美] 丹·布朗 / 朱振武 / 上海人民出版社 / 2004-2 / 28.00元,8.2,196224,一切畅销的因素都有了,https://img3.doubanio.com/view/subject/m/public/s1513425.jpg
不能承受的生命之轻,[捷克] 米兰·昆德拉 / 许钧 / 上海译文出版社 / 2003-7 / 23.00元,8.5,190972,朝向媚俗的一次伟大的进军,https://img1.doubanio.com/view/subject/m/public/s1091698.jpg
撒哈拉的故事,三毛 / 皇冠出版社 / 1976 / 160 TWD,9.0,165965,关于漂泊的一切,https://img3.doubanio.com/view/subject/m/public/s3563113.jpg
明朝那些事儿（壹）,当年明月 / 中国友谊出版公司 / 2006-9 / 24.80,8.7,169317,历史本就是一件件“事儿”拼成的,https://img3.doubanio.com/view/subject/m/public/s1872653.jpg
哈利·波特与魔法石,[英] J. K. 罗琳 / 苏农 / 人民文学出版社 / 2000-9 / 19.50元,9.1,158222,羽加迪姆勒维奥萨！,https://img3.doubanio.com/view/subject/m/public/s1990480.jpg
许三观卖血记,余华 / 南海出版公司 / 1998-9 / 16.80元,8.8,160988,余华的悲凉，都在那一碗炒猪肝里了,https://img3.doubanio.com/view/subject/m/public/s1074291.jpg
简爱（英文全本）,[英] 夏洛蒂·勃朗特 / 世界图书出版公司 / 2003-11 / 18.00元,8.5,171216,灰姑娘在十九世纪,https://img9.doubanio.com/view/subject/m/public/s5924326.jpg
傲慢与偏见,[英] 奥斯丁 / 张玲 / 人民文学出版社 / 1993-7 / 13.00元,8.8,162782,所有现代言情小说的母体,https://img3.doubanio.com/view/subject/m/public/s4250062.jpg
恶意,[日] 东野圭吾 / 娄美莲 / 南海出版公司 / 2009-6 / 18.00,8.4,167138,无缘由的恨，冰冷彻骨,https://img9.doubanio.com/view/subject/m/public/s3814606.jpg
目送,龙应台 / 生活·读书·新知三联书店 / 2009-10 / 39.00元,8.6,164689,不必追,https://img1.doubanio.com/view/subject/m/public/s3984108.jpg
人间失格,太宰治 / 许时嘉 / 吉林出版集团有限责任公司 / 2009-9 / 16.00元,8.3,162197,令人无从怜悯的绝望,https://img9.doubanio.com/view/subject/m/public/s6100756.jpg
边城,沈从文 / 北岳文艺出版社 / 2002-4 / 12.00元,8.6,153952,如水一般的忧愁与怅惘,https://img1.doubanio.com/view/subject/m/public/s1595557.jpg
霍乱时期的爱情,[哥伦比亚] 加西亚·马尔克斯 / 杨玲 / 南海出版公司 / 2012-9-1 / 39.50元,9.0,145503,义无反顾地直达爱情的核心,https://img3.doubanio.com/view/subject/m/public/s11284102.jpg
飘,[美国] 玛格丽特·米切尔 / 李美华 / 译林出版社 / 2000-9 / 40.00元,9.3,133917,革命时期的爱情，随风而逝,https://img1.doubanio.com/view/subject/m/public/s1078958.jpg
盗墓笔记,南派三叔 / 中国友谊出版公司 / 2007-1 / 26.80元,8.3,146864,想象奇诡的大型RPG游戏,https://img3.doubanio.com/view/subject/m/public/s4442295.jpg
窗边的小豆豆,[日] 黑柳彻子 著 / 赵玉皎 / 南海出版公司 / 2003-1 / 20.00元,8.7,132111,真正懂孩子的教育经,https://img3.doubanio.com/view/subject/m/public/s1067911.jpg
倾城之恋,花城出版社 / 1997-3-1 / 11.00,8.5,138562,一段姻缘，需要一座城的倾覆来成全,https://img3.doubanio.com/view/subject/m/public/s1077102.jpg
房思琪的初恋乐园,林奕含 / 北京联合出版公司 / 2018-1 / 45.00元,9.2,124023,以血书写的文学,https://img3.doubanio.com/view/subject/m/public/s29651121.jpg
老人与海,海明威 / 吴劳 / 上海译文出版社 / 1999-10 / 8.20元,8.4,134777,正是悲壮赋予生活以意义,https://img3.doubanio.com/view/subject/m/public/s1050021.jpg
狼图腾,姜戎 / 长江文艺出版社 / 2004-4 / 32.00元,8.2,136877,我们都是 狼的传人？,https://img3.doubanio.com/view/subject/m/public/s1466042.jpg
哈利·波特与阿兹卡班的囚徒,[英] J. K. 罗琳 / 郑须弥 / 人民文学出版社 / 2000-9 / 26.50元,9.0,123845,小天狼星布莱克,https://img9.doubanio.com/view/subject/m/public/s1074376.jpg
鲁滨逊漂流记,[英] 笛福 / 马静 / 广西民族出版社 / 2002-1 / 9.20元,8.1,135961,最早的荒野求生,https://img9.doubanio.com/view/subject/m/public/s1242786.jpg
哈利·波特与火焰杯,[英] J. K. 罗琳 / 马爱新 / 人民文学出版社 / 2001-5 / 39.80元,9.0,118418,整个系列的分水岭，暗色渐浓,https://img9.doubanio.com/view/subject/m/public/s1072746.jpg
万历十五年,[美] 黄仁宇 / 生活·读书·新知三联书店 / 1997-5 / 18.00元,8.9,121358,见微知著，历史观的颠覆,https://img3.doubanio.com/view/subject/m/public/s1800355.jpg
穆斯林的葬礼,霍达 / 北京十月文艺出版社 / 1988-12-1 / 32.00,8.1,132403,时代烙印鲜明的民族史诗,https://img3.doubanio.com/view/subject/m/public/s1790771.jpg
哈利·波特与密室,[英] J. K. 罗琳 / 马爱新 / 人民文学出版社 / 2000-9 / 22.00元,8.9,118707,渐入佳境，魔法世界全貌初现,https://img3.doubanio.com/view/subject/m/public/s1557672.jpg
1984,[英] 乔治·奥威尔 / 刘绍铭 / 北京十月文艺出版社 / 2010-4-1 / 28.00,9.3,114319,栗树荫下，我出卖你，你出卖我,https://img1.doubanio.com/view/subject/m/public/s4371408.jpg
骆驼祥子,老舍 / 人民文学出版社 / 2000-3-1 / 12.00,8.4,124251,如骆驼喘息般深刻的绝望,https://img3.doubanio.com/view/subject/m/public/s1146040.jpg
送你一颗子弹,刘瑜 / 上海三联书店 / 2010-1 / 25.00元,8.6,119052,犀利又温柔，穿过胸口隐隐作痛,https://img1.doubanio.com/view/subject/m/public/s4243447.jpg
情人,[法] 玛格丽特·杜拉斯 / 王道乾 / 上海译文出版社 / 2005-7 / 20.00元,8.1,126458,我已经老了，你呢？,https://img1.doubanio.com/view/subject/m/public/s1444578.jpg
月亮与六便士,[英] 威廉·萨默塞特·毛姆 / 徐淳刚 / 浙江文艺出版社 / 2017-1-1 / 39.80元,8.8,113710,满地都是六便士，他却抬头看见了月亮,https://img1.doubanio.com/view/subject/m/public/s29634528.jpg
人类简史,[以色列] 尤瓦尔·赫拉利 / 林俊宏 / 中信出版社 / 2014-11 / CNY 68.00,9.1,106535,跟着人类一同走过十万年,https://img3.doubanio.com/view/subject/m/public/s27814883.jpg
黄金时代,王小波 / 花城出版社 / 1999-3 / 19.00元,8.8,108997,能把性爱写得如此坦荡的，大概只有王二了,https://img3.doubanio.com/view/subject/m/public/s1076372.jpg
三国演义（全二册）,[明] 罗贯中 / 人民文学出版社 / 1998-05 / 39.50元,9.2,102310,是非成败转头空,https://img3.doubanio.com/view/subject/m/public/s1076932.jpg
哈利·波特与混血王子,[英] J. K. 罗琳 / 马爱农 / 人民文学出版社 / 2005-10 / 58.00元,8.8,103325,感情线纷乱的一部。再见邓布利多,https://img3.doubanio.com/view/subject/m/public/s1447381.jpg
牧羊少年奇幻之旅,[巴西] 保罗·柯艾略 / 丁文林 / 南海出版公司 / 2009-3-1 / 25.00元,8.6,104870,你自己就是最大的宝藏,https://img1.doubanio.com/view/subject/m/public/s3668327.jpg
哈利·波特与凤凰社,[英] J. K. 罗琳 / 马爱农 / 人民文学出版社 / 2003-9 / 59.00元,8.7,99820,暴脾气的哈利,https://img3.doubanio.com/view/subject/m/public/s1822013.jpg
悟空传,今何在 / 光明日报出版社 / 2001-4 / 14.80元,8.3,107088,猴子还是那个猴子，世界早已不是原来的世界,https://img3.doubanio.com/view/subject/m/public/s9026255.jpg
局外人,[法] 阿尔贝·加缪 / 柳鸣九 / 上海译文出版社 / 2010-8 / 22.00元,9.0,97316,人生在世，永远也不该演戏作假,https://img9.doubanio.com/view/subject/m/public/s4468484.jpg
1Q84 BOOK 1,[日] 村上春树 / 施小炜 / 南海出版公司 / 2010-5 / 36.00元,8.3,106090,村上的野望，欢迎来到1Q84年,https://img9.doubanio.com/view/subject/m/public/s4363464.jpg
哈利·波特与死亡圣器,[英] J. K. 罗琳 / 马爱农 / 人民文学出版社 / 2007-10 / 66.00元,9.0,94013,,https://img1.doubanio.com/view/subject/m/public/s2752367.jpg
白鹿原,陈忠实 / 人民文学出版社 / 1997-12 / 28.00元,8.7,95020,中国乡村史诗,https://img1.doubanio.com/view/subject/m/public/s9137567.jpg
苏菲的世界,（挪威）乔斯坦·贾德 / 萧宝森 / 作家出版社 / 1999-04 / 26.80元,8.5,99313,最平易近人的哲学入门,https://img3.doubanio.com/view/subject/m/public/s2153661.jpg
无声告白,[美] 伍绮诗 / 孙璐 / 江苏凤凰文艺出版社 / 2015-7 / 35.00元,8.2,102204,莉迪亚死了，可他们还不知道,https://img3.doubanio.com/view/subject/m/public/s28109182.jpg
向左走·向右走,幾米 / 生活·读书·新知三联书店 / 2002-8 / 16.00元,8.4,98988,两条平行线相遇的可能,https://img3.doubanio.com/view/subject/m/public/s1557610.jpg
天龙八部,金庸 / 生活.读书.新知三联书店 / 1994-5 / 96.0,9.1,89258,“有情皆孽，无人不冤”,https://img1.doubanio.com/view/subject/m/public/s23632058.jpg
茶花女,小仲马 / 王振孙 / 外国文学出版社 / 1997-3 / 9.00元,8.2,97910,妓女应当拥有爱情吗？,https://img1.doubanio.com/view/subject/m/public/s1008927.jpg
了不起的盖茨比,菲茨杰拉德 / 姚乃强 / 人民文学出版社 / 2004-06 / 12.00元,8.4,95383,梦，就像黛西家的那一缕绿光,https://img3.doubanio.com/view/subject/m/public/s1005875.jpg
基督山伯爵,大仲马 / 周克希 / 上海译文出版社 / 1991-12-1 / 43.90元,9.0,87199,完美的复仇，金庸用法语写作应该就是这样,https://img9.doubanio.com/view/subject/m/public/s3248016.jpg
一个陌生女人的来信,[奥] 斯台芬·茨威格 / 张玉书 / 上海译文出版社 / 2007-7 / 20.00元,8.7,91107,暗恋的极致,https://img1.doubanio.com/view/subject/m/public/s2611329.jpg
呼啸山庄,（英）勃朗特 / 张扬 / 人民文学出版社 / 1999-01-01 / 27.30元,8.4,93615,近乎暴虐的爱与恨，中文译名后无来者,https://img3.doubanio.com/view/subject/m/public/s1095383.jpg
亲爱的安德烈,龙应台 / 人民文学出版社 / 2008-12 / 26.00,8.6,91887,龙应台母子对话，两代人的思想碰撞,https://img1.doubanio.com/view/subject/m/public/s3993878.jpg
沉默的大多数,王小波 / 中国青年出版社 / 1997-10 / 27.00元,9.1,83062,沉默是沉默者的通行证,https://img1.doubanio.com/view/subject/m/public/s1447349.jpg
无人生还,[英] 阿加莎・克里斯蒂 / 祁阿红 / 人民文学出版社 / 2008-3 / 19.00,8.9,82027,童谣杀人案,https://img3.doubanio.com/view/subject/m/public/s2962510.jpg
东方快车谋杀案,[英] 阿加莎·克里斯蒂 / 陈尧光 / 人民文学出版社 / 2006-5 / 18.00元,9.0,80535,谋杀诡计惊人，波洛的抉择耐人寻味,https://img1.doubanio.com/view/subject/m/public/s1765799.jpg
福尔摩斯探案全集（上中下）,[英] 阿·柯南道尔 / 丁钟华 等 / 群众出版社 / 1981-8 / 53.00元/68.00元,9.2,77857,侦探小说鼻祖,https://img3.doubanio.com/view/subject/m/public/s1229240.jpg
灿烂千阳,[美] 卡勒德·胡赛尼 / 李继宏 / 上海人民出版社 / 2007-9 / 28.00元,8.8,81779,唯有希望与爱可以驱散阴霾,https://img9.doubanio.com/view/subject/m/public/s2651394.jpg
笑傲江湖（全四册）,金庸 / 生活·读书·新知三联书店 / 1994-5 / 76.80元,9.0,77954,武侠的壳，政治斗争的核,https://img3.doubanio.com/view/subject/m/public/s2157335.jpg
巴黎圣母院,[法]雨果 / 陈敬容 / 人民文学出版社 / 1982-6 / 22.50元,8.4,82893,潜藏于残缺下的美与崇高,https://img3.doubanio.com/view/subject/m/public/s4493741.jpg
莲花,安妮宝贝 / 作家出版社 / 2006-3 / 25.00元,8.0,88755,三个生命的交逢，灵魅清冷,https://img1.doubanio.com/view/subject/m/public/s1513548.jpg
我不喜欢这世界，我只喜欢你,乔一 / 湖南少年儿童出版社 / 2015-5-1 / 29.80元,8.0,83579,一想到能和你共度余生，我就对余生充满期待,https://img1.doubanio.com/view/subject/m/public/s28342099.jpg
海边的卡夫卡,[日] 村上春树 / 林少华 / 上海译文出版社 / 2003-4 / 25.00元,8.1,85529,背负诅咒的少年，平行世界中的奥德赛,https://img3.doubanio.com/view/subject/m/public/s1094940.jpg
城南旧事,林海音 文 / 中国青年出版社 / 2003-7 / 16.00元,9.0,76177,长亭外，古道边，芳草碧连天,https://img1.doubanio.com/view/subject/m/public/s2654869.jpg
兄弟（上）,余华 / 上海文艺出版社 / 2005-8 / 16.00元,8.3,81177,历史苦难中的个人灾变,https://img3.doubanio.com/view/subject/m/public/s1427312.jpg
呐喊,鲁迅 / 人民文学出版社 / 1973年3月 / 0.36元,8.9,74256,新文学的第一声呐喊,https://img3.doubanio.com/view/subject/m/public/s4696893.jpg
情书,[日] 岩井俊二 / 穆晓芳 / 天津人民出版社 / 2004-7 / 18.00元,8.6,77402,一场误会中的两段爱情，东方式的含蓄隐忍,https://img3.doubanio.com/view/subject/m/public/s1127135.jpg
肖申克的救赎,[美] 斯蒂芬·金 / 施寄青 / 人民文学出版社 / 2006-7 / 29.90元,9.1,72020,希望让人自由，电影实在太有名,https://img3.doubanio.com/view/subject/m/public/s4007145.jpg
羊脂球,（法）莫泊桑 / 柳鸣九 / 北京燕山出版社 / 2007-6 / 13.50元,8.1,80654,资产阶级的道貌岸然,https://img3.doubanio.com/view/subject/m/public/s1469280.jpg
乌合之众,（法）勒庞 / 冯克利 / 中央编译出版社 / 2011-5-1 / 16.00元,8.2,81836,群氓心理剖析,https://img3.doubanio.com/view/subject/m/public/s1988393.jpg
动物农场,[英] 乔治·奥威尔 / 荣如德 / 上海译文出版社 / 2007-3 / 10.00元,9.2,70902,太阳底下并无新事,https://img3.doubanio.com/view/subject/m/public/s2347590.jpg
安徒生童话故事集,（丹麦）安徒生 / 叶君健 / 人民文学出版社 / 1997-08 / 25.00元,9.2,69966,远不是童话那么简单,https://img3.doubanio.com/view/subject/m/public/s1034062.jpg
神雕侠侣,金庸 / 有1996年11月北平第4次印本 / 生活·读书·新知三联书店 / 1994-5 / 76.80元,8.9,71166,至情至性，情大于武,https://img9.doubanio.com/view/subject/m/public/s26018916.jpg
少有人走的路,[美] M·斯科特·派克 / 于海生 / 吉林文史出版社 / 2007-1 / 26.00元,8.4,76045,成熟的心智通向更完善的自我,https://img3.doubanio.com/view/subject/m/public/s2144391.jpg
爱你就像爱生命,王小波 / 上海锦绣文章出版社 / 2008-5 / 18.00元,8.8,71553,王小波与李银河的两地书,https://img3.doubanio.com/view/subject/m/public/s4661043.jpg
红玫瑰与白玫瑰,张爱玲 / 花城出版社 / 1996-06 / 12.80元,8.4,72475,蚊子血还是饭黏子？,https://img3.doubanio.com/view/subject/m/public/s3695882.jpg
朝花夕拾,鲁迅 / 人民文学出版社 / 1972年4月 / 0.25元,8.7,67374,鲁迅的旧事重提,https://img3.doubanio.com/view/subject/m/public/s2875823.jpg
阿Q正传,鲁迅 著 / 上海书店出版社 / 2003-7 / 14.50元,8.7,65768,哀其不幸，怒其不争,https://img3.doubanio.com/view/subject/m/public/s1074811.jpg
当我谈跑步时我谈些什么,[日] 村上春树 / 施小炜 / 南海出版公司 / 2009-1 / 25.00,8.2,71499,村上同志告诉我们，身体是革命的本钱,https://img3.doubanio.com/view/subject/m/public/s3507580.jpg
海底两万里,[法国] 儒尔·凡尔纳 / 沈国华 / 译林出版社 / 2002-9 / 19.50元,8.5,65508,你听说过鹦鹉螺号吗？,https://img9.doubanio.com/view/subject/m/public/s1817666.jpg
遇见未知的自己,张德芬 / 华夏出版社 / 2008-1 / 29.00,8.0,70631,都市灵修速成,https://img9.doubanio.com/view/subject/m/public/s3403254.jpg
民主的细节,刘瑜 / 上海三联书店 / 2009-6 / 25.00,8.6,65876,公民养成手册,https://img1.doubanio.com/view/subject/m/public/s4146437.jpg
梦里花落知多少,三毛 / 北京十月文艺出版社 / 2007-6 / 28.00元,8.8,63662,哀而不伤,https://img3.doubanio.com/view/subject/m/public/s2393243.jpg
鬼吹灯之精绝古城,天下霸唱 / 安徽文艺出版社 / 2006 / 25.00元,8.1,67364,盗墓祖师名不虚传,https://img9.doubanio.com/view/subject/m/public/s2001786.jpg
巨人的陨落,[英] 肯·福莱特 / 于大卫 / 江苏凤凰文艺出版社 / 2016-5-1 / 129.80元,8.9,59051,五个家族，一场战争,https://img9.doubanio.com/view/subject/m/public/s28668834.jpg
一只特立独行的猪,王小波 / 北方文艺出版社 / 2006-4 / 18.80元,8.8,59944,生活就是个缓慢受锤的过程，至少还可以特立独行,https://img3.doubanio.com/view/subject/m/public/s1670642.jpg
半生缘,张爱玲 / 北京十月文艺出版社 / 2006-12 / 28.00元,8.6,61228,世钧，我们回不去了,https://img1.doubanio.com/view/subject/m/public/s2838737.jpg
华胥引（全二册）,唐七公子 / 现代出版社 / 2011-1 / 39.80元,8.4,64464,现实不如梦中的圆满,https://img3.doubanio.com/view/subject/m/public/s4599550.jpg
格林童话全集,[德国]格林兄弟 / 魏以新 / 人民文学出版社 / 1994-11 / 21.45元,9.0,57298,许多隐晦,https://img3.doubanio.com/view/subject/m/public/s1134341.jpg
杀死一只知更鸟,[美] 哈珀·李 / 高红梅 / 译林出版社 / 2012-9 / 32.00元,9.2,54896,有一种东西不能遵循从众原则，那就是——人的良心,https://img3.doubanio.com/view/subject/m/public/s23128183.jpg
你今天真好看,[美]莉兹•克里莫 / 周高逸 / 雅众文化/天津人民出版社 / 2015-8 / 39.00元,8.6,58124,呆萌可爱的动物段子手,https://img9.doubanio.com/view/subject/m/public/s28369176.jpg
射雕英雄传（全四册）,金庸 / 生活·读书·新知三联书店 / 1999-04 / 47.00元,9.0,55214,侠之大者，为国为民,https://img9.doubanio.com/view/subject/m/public/s2157336.jpg
一个人的朝圣,[英] 蕾秋·乔伊斯 / 黄妙瑜 / 北京联合出版公司 / 2013-9-1 / 32.80,8.1,62245,关于爱和信念的旅行,https://img3.doubanio.com/view/subject/m/public/s26936721.jpg
陪安东尼度过漫长岁月,安东尼 / 长江文艺出版社 / 2008-3 / 18.00,8.3,61591,真正的片段式写作,https://img9.doubanio.com/view/subject/m/public/s2998096.jpg
这些都是你给我的爱,文：安东尼 / 长江文艺出版社 / 2010-3 / 24.80元,8.3,58490,只言片语的温暖,https://img3.doubanio.com/view/subject/m/public/s4219471.jpg
如何阅读一本书,[美] 莫提默·J. 艾德勒 / 郝明义 / 商务印书馆 / 2004-1 / 38.00元,8.4,56085,读书的方法论,https://img1.doubanio.com/view/subject/m/public/s1670978.jpg
喜宝,亦舒 / 新世界出版社 / 2007-2 / 22.00元,8.0,59142,爱情才是终极的奢侈品,https://img1.doubanio.com/view/subject/m/public/s5813979.jpg
孩子你慢慢来,龙应台 / 生活·读书·新知三联书店 / 2009-12-1 / 28.00元,8.8,53119,我们现在怎样做母亲,https://img9.doubanio.com/view/subject/m/public/s4124434.jpg
这些人，那些事,吴念真 / 译林出版社 / 2011-9 / 28.00元,8.8,52626,平淡叙述下的惊心动魄,https://img3.doubanio.com/view/subject/m/public/s6828981.jpg
麦琪的礼物,[美] 欧·亨利 / 张经浩 / 上海社会科学院出版社 / 2003-7 / 25.00元,8.6,51050,日常的奇迹,https://img3.doubanio.com/view/subject/m/public/s1137441.jpg
流浪地球,刘慈欣 / 湖北长江出版集团，长江文艺出版社 / 2008-11 / 28.00元,8.6,52122,刘慈欣获中国科幻银河奖的中短篇小说集,https://img9.doubanio.com/view/subject/m/public/s5961934.jpg
查令十字街84号,[美] 海莲·汉芙 / 陈建铭 / 译林出版社 / 2005-05-01 / 18.00元,8.3,52979,文艺青年的爱情地标,https://img9.doubanio.com/view/subject/m/public/s1326174.jpg
雷雨,曹禺 / 人民文学出版社 / 1999-05 / 9.20,8.6,50316,人的心都靠不住，我并不是说人坏，我就是恨人性太弱，太容易变了,https://img1.doubanio.com/view/subject/m/public/s23579217.jpg
西游记（全二册）,吴承恩 / 黄肃秋 注释 / 人民文学出版社 / 2004-8 / 47.20元,8.9,47658,取经之路就在脚下,https://img9.doubanio.com/view/subject/m/public/s1627374.jpg
水浒传（全二册）,[明] 施耐庵 / 人民文学出版社 / 1997-1 / 50.60元,8.6,49287,风风火火闯九州,https://img1.doubanio.com/view/subject/m/public/s1436519.jpg
菊与刀,（美）鲁思・本尼迪克特 / 吕万和 / 商务印书馆 / 1990-6 / 16.00,8.2,52845,复杂矛盾的日本民族,https://img9.doubanio.com/view/subject/m/public/s1074166.jpg
刀锋,[英]毛姆 / 周煦良 / 上海译文出版社 / 2007-3 / 18.00元,9.0,46579,一把刀的锋刃不容易越过；因此智者说得救之道是困难的,https://img3.doubanio.com/view/subject/m/public/s2347562.jpg
我与地坛,史铁生 / 春风文艺出版社 / 2002-5 / 25.00元,9.0,45392,这是你的罪孽与福祉,https://img1.doubanio.com/view/subject/m/public/s1151479.jpg
狂人日记,鲁迅 / 京华出版社 / 2006-3 / 39.80元,8.7,46058,中国现代文学史上第一篇真正的现代白话小说,https://img1.doubanio.com/view/subject/m/public/s1426308.jpg
最好的我们,八月长安 / 湖南文艺出版社 / 2013-8-5 / 55,8.8,45990,耿耿余淮,https://img9.doubanio.com/view/subject/m/public/s26720726.jpg
富爸爸，穷爸爸,（美）罗伯特・T・清崎 / 杨君，杨明 / 世界图书出版公司 / 2000-09 / 18.80,8.3,49270,人穷穷观念，人富钱生钱,https://img3.doubanio.com/view/subject/m/public/s1429010.jpg
地下铁,幾米 / 辽宁教育出版社 / 2002-2 / 32.00元,8.3,49176,黑暗世界中的点滴亮光,https://img3.doubanio.com/view/subject/m/public/s1672971.jpg
步步惊心,桐华 / 民族出版社 / 2006-6 / 25.00元,8.1,50906,现世太苦，不如穿越回去从头来过,https://img9.doubanio.com/view/subject/m/public/s1681146.jpg
球状闪电,刘慈欣 / 四川科学技术出版社 / 2005-6 / 22.00元,8.7,45877,量子之外，没有真相,https://img3.doubanio.com/view/subject/m/public/s26040205.jpg
尘埃落定,阿来 / 人民文学出版社 / 1998-3-1 / 22.0,8.5,46501,一个傻子的土司家族传奇,https://img3.doubanio.com/view/subject/m/public/s9140762.jpg
悲惨世界（上中下）,[法] 雨果 / 李丹 / 人民文学出版社 / 1992-6 / 66.00元,8.9,42909,现实主义与浪漫主义的至高杰作,https://img3.doubanio.com/view/subject/m/public/s1148102.jpg
那些回不去的年少时光,桐华 / 江苏文艺出版社 / 2010-01 / 23.80元,8.4,45423,所有你曾热爱却正在遗忘的人和事,https://img3.doubanio.com/view/subject/m/public/s4130990.jpg
孤独六讲,蒋勋 / 广西师范大学出版社 / 2009-10-1 / 36.00元,8.1,48773,作为一种美学的孤独,https://img3.doubanio.com/view/subject/m/public/s4075572.jpg
呼兰河传,萧红 / 百花文艺出版社 / 2005-01 / 19.00,8.9,43671,萧红的童年往事,https://img3.doubanio.com/view/subject/m/public/s1167060.jpg
飞鸟集,[印] 罗宾德拉纳德·泰戈尔 / 徐翰林 / 哈尔滨出版社 / 2004-6 / 16.80元,8.9,43470,淡泊，超脱,https://img3.doubanio.com/view/subject/m/public/s1044902.jpg
瓦尔登湖,[美] 梭罗 / 徐迟 / 上海译文出版社 / 2006-8 / 11.00元,8.4,46132,另一种生活,https://img1.doubanio.com/view/subject/m/public/s1999119.jpg
月亮忘記了,幾米 / 格林 / 2000-2-1 / NT$ 299,8.6,44264,月明星稀的晚上，看不见的，看见了,https://img1.doubanio.com/view/subject/m/public/s1385508.jpg
金锁记,张爱玲 / 哈尔滨出版社 / 2005-6 / 13.5元,8.5,44289,曹七巧就像希克厉，一个扭曲的英雄,https://img3.doubanio.com/view/subject/m/public/s2976745.jpg
倚天屠龙记(共四册),金庸 / 三联书店 / 1999-04 / 47.00,8.6,43296,不识张郎是张郎,https://img1.doubanio.com/view/subject/m/public/s1829709.jpg
此间的少年,江南 / 华文出版社 / 2004-1 / 25.00元,8.4,45511,象牙塔里的金庸群侠,https://img1.doubanio.com/view/subject/m/public/s1068707.jpg
夏洛的网,[美] E.B.怀特 / 任溶溶 / 上海译文出版社 / 2004-5 / 17.00元,8.6,43406,猪与蜘蛛,https://img1.doubanio.com/view/subject/m/public/s1120437.jpg
我的天才女友,[意] 埃莱娜·费兰特 / 陈英 / 人民文学出版社 / 2017-1 / 42.00元,8.5,43099,两个女人，50年的友谊和战争,https://img1.doubanio.com/view/subject/m/public/s29164777.jpg
史蒂夫·乔布斯传,[美] 沃尔特·艾萨克森 / 管延圻 / 中信出版社 / 2011-10-24 / 68.00元,8.7,42088,完美主义者的最高形态,https://img3.doubanio.com/view/subject/m/public/s6974202.jpg
人生,路遥 / 北京十月文艺出版社 / 2009-5 / 20.00元,8.4,42213,如果你是高加林，你要如何选择？,https://img3.doubanio.com/view/subject/m/public/s3847911.jpg
荆棘鸟,[澳] 考琳·麦卡洛 / 曾胡 / 译林出版社 / 1998-7 / 28.00元,8.6,41830,澳洲乱世情,https://img3.doubanio.com/view/subject/m/public/s2781615.jpg
哭泣的骆驼,三毛 / 哈尔滨出版社 / 2003-6 / 15.80元,8.9,40102,沙漠中寻常的生与死,https://img9.doubanio.com/view/subject/m/public/s1020454.jpg
时间简史,[英] 史蒂芬·霍金 / 许明贤 / 湖南科学技术出版社 / 2010-4 / 45.00元,8.8,40500,霍金与上帝的战争,https://img3.doubanio.com/view/subject/m/public/s1914861.jpg
鹿鼎记（全五册）,金庸 / 广州出版社 花城出版社 / 2008-3 / 108.00元,8.8,40503,武侠的解构，流氓的狂欢,https://img3.doubanio.com/view/subject/m/public/s3134040.jpg
海贼王,尾田荣一郎 / 董科 / 浙江人民美术出版社 / 2007-11 / 7.50元,9.5,36954,热血，梦想，希望,https://img3.doubanio.com/view/subject/m/public/s29524800.jpg
伊豆的舞女,[日] 川端康成 / 叶渭渠 / 广西师范大学出版社 / 2002-2 / 23.80元,8.2,43433,静美又残酷，无限柔软的川端,https://img3.doubanio.com/view/subject/m/public/s1056010.jpg
红与黑,[法] 司汤达 / 张冠尧 / 人民文学出版社 / 2002 / 20.00元,8.2,43103,阴谋与爱情,https://img1.doubanio.com/view/subject/m/public/s2332189.jpg
一個人住第5年,高木直子 / 洪俞君 / 大田 / 2004-12-1 / NT$220,8.4,40997,独居生活之乐,https://img3.doubanio.com/view/subject/m/public/s7059163.jpg
长恨歌,王安忆 / 南海出版公司 / 2003-8 / 22.00元,8.2,42329,现代上海史诗,https://img3.doubanio.com/view/subject/m/public/s3018752.jpg
东霓,笛安 / 长江文艺出版社 / 2010-7-1 / 26.80元,8.1,42881,自毁而偏执的东霓,https://img3.doubanio.com/view/subject/m/public/s4397380.jpg
寻路中国,[美] 彼得·海斯勒 / 李雪顺 / 上海译文出版社 / 2011-1 / 33.00元,9.0,37718,中国在路上，非虚构写作所能达到的高度,https://img1.doubanio.com/view/subject/m/public/s32271209.jpg
陆犯焉识,严歌苓 / 作家出版社 / 2011-10 / 35.00元,8.8,37894,翻手为苍凉，覆手为繁华,https://img3.doubanio.com/view/subject/m/public/s6987353.jpg
你一定爱读的极简欧洲史,约翰·赫斯特（John Hirst） / 席玉苹 / 广西师范大学出版社 / 2011-11-25 / 25.00元,8.2,40994,欧洲，为什么老是抢第一？,https://img3.doubanio.com/view/subject/m/public/s4542951.jpg
常识,梁文道 / 广西师范大学出版社 / 2009-1 / 38.00,8.1,41468,献给这个常识稀缺的时代,https://img3.doubanio.com/view/subject/m/public/s3588323.jpg
中国历代政治得失,钱穆 / 生活·读书·新知三联书店 / 2001 / 12.00元,9.2,35758,一部简明的“中国政治制度史”,https://img3.doubanio.com/view/subject/m/public/s1319205.jpg
罗生门,[日]芥川龙之介 / 林少华 / 上海译文出版社 / 2008-7 / 12.00元,8.7,38012,,https://img1.doubanio.com/view/subject/m/public/s3435158.jpg
自控力,[美]  凯利·麦格尼格尔 / 王岑卉 / 文化发展出版社(原印刷工业出版社) / 2012-8 / 39.80元,8.2,39669,要么瘦，要么死,https://img3.doubanio.com/view/subject/m/public/s10685385.jpg
父与子全集,[德] 埃·奥·卜劳恩 绘 / 杨莹 / 中国工人出版社 / 2003-4 / 20.00元,9.2,34390,,https://img1.doubanio.com/view/subject/m/public/s1094608.jpg
一千零一夜,纳训 / 人民文学出版社 / 2003-01 / 22.0,8.6,36719,,https://img1.doubanio.com/view/subject/m/public/s1070937.jpg
时间旅行者的妻子,[美] 奥德丽·尼芬格 / 夏金 / 人民文学出版社 / 2007-4 / 29.90元,8.1,39678,在时间的缝隙中穿行，然后相遇,https://img9.doubanio.com/view/subject/m/public/s2375756.jpg
变形记,[奥] 卡夫卡 / 叶廷芳 / 浙江文艺出版社 / 2003-4 / 16.00元,8.4,37468,格里高里清早醒来发现自己变成了甲虫,https://img9.doubanio.com/view/subject/m/public/s26042134.jpg
项链,[法] 莫泊桑 / 顾加琛 等 / 河北教育出版社 / 2005-2 / 28.00元,8.4,37212,,https://img1.doubanio.com/view/subject/m/public/s1240228.jpg
失恋33天,鲍鲸鲸 / 中信出版社 / 2010-1 / 25.00元,8.0,39881,失恋是一种病，痊愈之后百毒不侵,https://img9.doubanio.com/view/subject/m/public/s6980516.jpg
你好，旧时光（上 下）,八月长安 / 新世界出版社 / 2009-12 / 39.80元,8.7,35602,原作名切题,https://img1.doubanio.com/view/subject/m/public/s4293097.jpg
一九八四·动物农场,[英] 乔治·奥威尔 / 董乐山 / 上海译文出版社 / 2003-4 / 23.00元,9.3,33613,一个预言和一个寓言，令人窒息的政治恐怖,https://img9.doubanio.com/view/subject/m/public/s1089916.jpg
人性的弱点全集,[美] 戴尔·卡耐基 / 袁玲 / 中国发展出版社 / 2008-1 / 25.00元,8.2,37062,西方世界最持久的人文畅销书,https://img3.doubanio.com/view/subject/m/public/s1083685.jpg
匆匆那年（上下）,九夜茴 / 东方出版社 / 2008-1 / 29.00,8.2,38079,不悔梦归处 只恨太匆匆,https://img3.doubanio.com/view/subject/m/public/s2892553.jpg
影响力,[美] 罗伯特·西奥迪尼 / 陈叙 / 中国人民大学出版社 / 2006-5 / 45.00元,8.6,35352,营销防骗指南,https://img3.doubanio.com/view/subject/m/public/s1657785.jpg
历史深处的忧虑,林达 / 生活·读书·新知三联书店 / 1997-5 / 19.00元,9.0,33667,窥见美国社会的一扇窗,https://img9.doubanio.com/view/subject/m/public/s1768916.jpg
那些年，我们一起追的女孩,九把刀 / 花山文艺出版社 / 2007-1 / 20.00元,8.2,37568,那些年错过的大雨,https://img3.doubanio.com/view/subject/m/public/s1982025.jpg
未来简史,[以色列] 尤瓦尔·赫拉利 / 林俊宏 / 中信出版集团 / 2017-2 / 68.00元,8.4,35440,人类面临的新议题,https://img3.doubanio.com/view/subject/m/public/s29287103.jpg
冰与火之歌（卷一）,[美] 乔治·R. R. 马丁 / 谭光磊 / 重庆出版社 / 2005-5 / 68.00元,9.3,31534,凛冬将至。无比宏大的世界观,https://img9.doubanio.com/view/subject/m/public/s1358984.jpg
人间词话,王国维 / 上海古籍出版社 / 1998-12-01 / 9.80元,9.0,32630,,https://img1.doubanio.com/view/subject/m/public/s9130587.jpg
橙,安东尼 / 长江文艺出版社 / 2010-10 / 28.80元,8.2,36526,定做一个刻着“不过如此”的章，盖在封面上,https://img9.doubanio.com/view/subject/m/public/s4512594.jpg
世界尽头与冷酷仙境,[日] 村上春树 / 林少华 / 上海译文出版社 / 2002-12 / 23.00元,8.6,34439,交叉平行蒙太奇,https://img1.doubanio.com/view/subject/m/public/s1801057.jpg
大地之灯,七堇年 / 长江文艺出版社 / 2007-1 / 22.00元,8.2,36141,两代人的成长与救赎,https://img3.doubanio.com/view/subject/m/public/s1994710.jpg
江城,[美] 彼得·海斯勒 / 李雪顺 / 上海译文出版社 / 2012-1 / 36.00元,9.0,32109,外国人的寻路中国,https://img3.doubanio.com/view/subject/m/public/s7019913.jpg
香水,[德] 帕·聚斯金德 / 李清华 / 上海译文出版社 / 2005-5 / 20.00元,8.5,34100,恋味癖谋杀案,https://img1.doubanio.com/view/subject/m/public/s1556748.jpg
新名字的故事,[意] 埃莱娜·费兰特 / 陈英 / 人民文学出版社 / 2017-4 / 59.00元,9.0,31955,,https://img9.doubanio.com/view/subject/m/public/s29376146.jpg
长安十二时辰 上,马伯庸 / 湖南文艺出版社 / 2017-1-1 / CNY 79.60,8.4,35253,,https://img3.doubanio.com/view/subject/m/public/s29247343.jpg
雨季不再来,三毛 / 北京十月文艺出版社 / 2007-7 / 28.00元,8.7,33223,,https://img1.doubanio.com/view/subject/m/public/s2563279.jpg
面纱,(英)W.萨默塞特·毛姆 / 阮景林 / 重庆 / 2012-05-01 / 32.00元,8.7,32948,,https://img9.doubanio.com/view/subject/m/public/s9038826.jpg
阿狸·梦之城堡,hans / 上海锦绣文章出版社 / 2009-1 / 36.80元,9.0,31866,治愈,https://img3.doubanio.com/view/subject/m/public/s3721175.jpg
看不见的城市,[意大利]伊塔洛·卡尔维诺 / 张宓 / 译林出版社 / 2006-8 / 16.00元,8.8,31970,每一座城市都只在想象中耸立，又在描述中坍圮,https://img3.doubanio.com/view/subject/m/public/s1804710.jpg
把时间当作朋友,李笑来 / 电子工业出版社 / 2009-6 / 32.00元,8.4,33584,反成功学的成功学,https://img3.doubanio.com/view/subject/m/public/s3778613.jpg
一句顶一万句,刘震云 / 长江文艺出版社 / 2009-3 / 29.80,8.7,32180,一句胜过千年,https://img1.doubanio.com/view/subject/m/public/s6916838.jpg
天使与魔鬼,[美] 丹.布朗 / 朱振武 / 人民文学出版社 / 2005-2 / 29.80元,8.2,33983,科学与宗教的大乱斗,https://img3.doubanio.com/view/subject/m/public/s1914485.jpg
第一炉香,张爱玲 / 花城出版社 / 1997-3 / 11.5,8.4,32611,,https://img1.doubanio.com/view/subject/m/public/s1077099.jpg
尼罗河上的惨案,[英] 阿加莎·克里斯蒂 / 宫英海 / 人民文学出版社 / 2006-5 / 22.00元,8.7,31498,阿婆代表作之一,https://img1.doubanio.com/view/subject/m/public/s1683067.jpg
ZOO,[日] 乙一 / 李颖秋 / 当代世界出版社 / 2007-10 / 20.00元,8.6,31324,噩梦中的一丝温度,https://img1.doubanio.com/view/subject/m/public/s2756239.jpg
国境以南 太阳以西,[日] 村上春树 / 林少华 / 上海译文出版社 / 2001-8 / 13.50元,8.3,32804,灾星下出生的恋人们,https://img3.doubanio.com/view/subject/m/public/s2333463.jpg
文学回忆录（全2册）,木心 讲述 / 广西师范大学出版社 / 2013-1-10 / 98.00元,9.2,29161,木心留给世界的礼物,https://img1.doubanio.com/view/subject/m/public/s24611679.jpg
七夜雪,沧月 / 北京十月文艺出版社 / 2006-10 / 25.00元,8.4,31581,抵不过时间,https://img1.doubanio.com/view/subject/m/public/s3007857.jpg
没有色彩的多崎作和他的巡礼之年,[日] 村上春树 / 施小炜 / 南海出版公司 / 2013-10-1 / 39.50元,8.2,32248,并不是一切都消失在了时间的长河里,https://img3.doubanio.com/view/subject/m/public/s27094300.jpg
京华烟云,林语堂 / 张振玉 / 陕西师范大学出版社 / 2005-7 / 43.00元,8.5,31090,林语堂的《红楼梦》,https://img1.doubanio.com/view/subject/m/public/s1395779.jpg
哈姆莱特,[英] 莎士比亚 / 朱生豪 / 人民文学出版社 / 2001-1 / 7.00元,8.5,30431,,https://img1.doubanio.com/view/subject/m/public/s27009357.jpg
万水千山走遍,三毛 / 哈尔滨出版社 / 2003-08 / 13.80,8.8,29024,,https://img3.doubanio.com/view/subject/m/public/s1099483.jpg
海子的诗,海子 / 人民文学出版社 / 1999-04 / 15.40,8.9,28652,,https://img3.doubanio.com/view/subject/m/public/s1067491.jpg
芳华,严歌苓 / 人民文学出版社 / 2017-4-1 / 39.00元,8.1,31399,,https://img3.doubanio.com/view/subject/m/public/s29418322.jpg
往事并不如烟,章诒和 / 人民文学出版社 / 2004-1 / 35.00元,8.6,29085,知识分子的命运浮沉,https://img1.doubanio.com/view/subject/m/public/s1108667.jpg
教父,[美]马里奥·普佐 / 周汉林 / 译林出版社 / 1997-8 / 23.30元,9.0,27457,,https://img3.doubanio.com/view/subject/m/public/s1700225.jpg
雾都孤儿,[英]狄更斯 / 荣如德 / 上海译文出版社 / 1991-7 / 10.10元,8.1,30662,,https://img3.doubanio.com/view/subject/m/public/s1300531.jpg
蔷薇岛屿,安妮宝贝 / 作家出版社 / 2002-8 / 18.00元,8.0,31543,你们不会彼此遗忘。只会彼此消失,https://img3.doubanio.com/view/subject/m/public/s3237601.jpg
娱乐至死,[美] 尼尔·波兹曼 / 章艳 / 广西师范大学出版社 / 2011-6 / 29.80元,8.5,29225,,https://img9.doubanio.com/view/subject/m/public/s6776106.jpg
新参者,[日] 东野圭吾 / 岳远坤 / 南海出版公司 / 2011-9 / 28.00元,8.4,29750,,https://img3.doubanio.com/view/subject/m/public/s6942170.jpg
我的精神家园,王小波 / 文化艺术出版社 / 1997 / 18.80元,9.1,26813,活过，爱过，写过,https://img3.doubanio.com/view/subject/m/public/s1016763.jpg
妻妾成群,苏童 / 上海文艺出版社 / 2004-8 / 23.00元,8.2,29924,,https://img3.doubanio.com/view/subject/m/public/s6478105.jpg
台北人,白先勇 / 广西师范大学出版社 / 2010-10 / 38.00元,8.9,27139,,https://img3.doubanio.com/view/subject/m/public/s4526465.jpg
激荡三十年（上）,吴晓波 / 中信出版社 浙江人民出版社 / 2007-1 / 35.00,8.8,27586,这是一个最好的时代，也是一个最坏的时代,https://img3.doubanio.com/view/subject/m/public/s10431840.jpg
斯通纳,[美] 约翰·威廉斯 / 杨向荣 / 上海人民出版社 / 2016-1 / 49.00元,8.8,27389,,https://img3.doubanio.com/view/subject/m/public/s28332051.jpg
最初的爱情 最后的仪式,[英] 伊恩·麦克尤恩 / 潘帕 / 南京大学出版社 / 2010-2 / 22.00元,8.0,30695,别被封面骗了,https://img3.doubanio.com/view/subject/m/public/s3979661.jpg
一个叫欧维的男人决定去死,[瑞典] 弗雷德里克·巴克曼 / 宁蒙 / 四川文艺出版社 / 2015-12 / 35.00元,9.0,26388,,https://img3.doubanio.com/view/subject/m/public/s29071620.jpg
野火集,龙应台 / 文汇出版社 / 2005-8 / 25.00元,8.8,27193,中国人你为什么不生气？,https://img1.doubanio.com/view/subject/m/public/s1469589.jpg
九州·缥缈录,江南 / 新世界出版社 / 2005-6 / 20.00元,8.8,26749,乱世的英雄史诗,https://img1.doubanio.com/view/subject/m/public/s1520169.jpg
生活在别处,[捷克] 米兰·昆德拉 / 袁筱一 / 上海译文出版社 / 2004-5 / 25.00元,8.4,28638,此处的生活唯有残酷,https://img3.doubanio.com/view/subject/m/public/s1069535.jpg
设计中的设计,[日] 原研哉 / 朱锷 / 山东人民出版社 / 2006-11 / 48.00元,8.6,27581,日常生活的无限可能性,https://img3.doubanio.com/view/subject/m/public/s2165932.jpg
心是孤独的猎手,[美] 卡森·麦卡勒斯 / 陈笑黎 / 上海三联书店 / 2005-8 / 25.00元,8.5,27376,镇上有两个哑巴，他们总是在一起。,https://img1.doubanio.com/view/subject/m/public/s1436379.jpg
琅琊榜,海宴 / 朝华出版社 / 2007-12 / 49.80元,8.5,26445,,https://img3.doubanio.com/view/subject/m/public/s8994402.jpg
乡土中国,费孝通 / 上海人民出版社 / 2006-4 / 38.00,9.2,24753,,https://img3.doubanio.com/view/subject/m/public/s1665415.jpg
占星术杀人魔法,[日] 岛田庄司 / 王鹏帆 / 新星出版社 / 2008-9 / 28.00,8.3,27209,一桩占星术连续杀人案件,https://img1.doubanio.com/view/subject/m/public/s3801839.jpg
我执,梁文道 / 广西师范大学出版社 / 2010-10 / 35.00元,8.0,28762,梁文道的私密日记,https://img1.doubanio.com/view/subject/m/public/s3705488.jpg
子不语1,夏达 / 新世纪出版社 / 2009-12 / RMB36.00,9.0,24436,,https://img1.doubanio.com/view/subject/m/public/s4158947.jpg
枪炮、病菌与钢铁,[美] 贾雷德·戴蒙德 / 谢延光 / 上海世纪出版集团 / 2006-4-1 / 45.00元,8.8,25263,,https://img3.doubanio.com/view/subject/m/public/s1738643.jpg
白银时代,王小波 / 花城出版社 / 1997-5 / 10.00元,8.4,26277,,https://img3.doubanio.com/view/subject/m/public/s1072540.jpg
红拂夜奔,王小波 / 江苏文艺出版社 / 2005-1 / 28.00元,8.7,25387,,https://img3.doubanio.com/view/subject/m/public/s26384792.jpg
偷书贼,[澳] 马克斯·苏萨克 / 孙张静 / 南海出版公司 / 2007-8 / 25.00元,8.0,27546,不能说偷，是窃，窃你懂吗,https://img3.doubanio.com/view/subject/m/public/s2686452.jpg
爱的艺术,[美] 艾·弗洛姆 / 李健鸣 / 上海译文出版社 / 2008-4 / 15.00元,8.8,24869,,https://img9.doubanio.com/view/subject/m/public/s2990934.jpg
舞！舞！舞！,[日] 村上春树 / 林少华 / 上海译文出版社 / 2002-6 / 25.00元,8.3,26602,深入村上春树的心灵腹地,https://img3.doubanio.com/view/subject/m/public/s1231290.jpg
动物凶猛,王朔 / 中国电影出版社 / 2004年02月 / 15.50元,8.3,26701,,https://img1.doubanio.com/view/subject/m/public/s9853099.jpg
佛祖在一号线,李海鹏 / 文化艺术出版社 / 2010-6 / 25.00元,8.2,27037,嬉笑怒骂的常识分子,https://img1.doubanio.com/view/subject/m/public/s4397779.jpg
告白,湊佳苗 / 丁世佳 / 時報文化 / 2009-8 / NT$250,8.6,25017,,https://img3.doubanio.com/view/subject/m/public/s3931802.jpg
浪潮之巅,吴军 / 电子工业出版社 / 2011-8 / 55.00元,9.0,23862,了解IT领域的入门读物,https://img3.doubanio.com/view/subject/m/public/s6807265.jpg
小姨多鹤,严歌苓 / 作家出版社 / 2008-4 / 28.00元,8.6,25344,,https://img1.doubanio.com/view/subject/m/public/s4045138.jpg
失踪的孩子,[意] 埃莱娜·费兰特 / 陈英 / 人民文学出版社 / 2018-6-1 / 62,9.1,23545,,https://img1.doubanio.com/view/subject/m/public/s29799269.jpg
罗杰疑案,[英] 阿加莎·克里斯蒂 / 张江云 / 人民文学出版社 / 2006-5 / 21.00元,8.9,23908,,https://img1.doubanio.com/view/subject/m/public/s1772249.jpg
夹边沟记事,杨显惠 / 花城出版社 / 2008-09 / 34.00元,9.2,22968,,https://img3.doubanio.com/view/subject/m/public/s3455551.jpg
非暴力沟通,[美] 马歇尔·卢森堡 / 阮胤华 / 华夏出版社 / 2009-1 / 29.00元,8.4,25208,,https://img1.doubanio.com/view/subject/m/public/s9346487.jpg
高效能人士的七个习惯（精华版）,[美] 史蒂芬·柯维 / 高新勇 / 中国青年出版社 / 2011-6 / 29.00元,8.2,25169,,https://img3.doubanio.com/view/subject/m/public/s1067863.jpg
邓小平时代,[美] 傅高义 / 冯克利 / 生活·读书·新知三联书店 / 2013-1 / 88.00元,9.1,22183,,https://img1.doubanio.com/view/subject/m/public/s24516687.jpg
观念的水位,刘瑜 / 浙江大学出版社 / 2013-1 / 36.00元,8.3,24707,,https://img3.doubanio.com/view/subject/m/public/s26846213.jpg
云中歌1,桐华 / 作家出版社 / 2007-9 / 24.80元,8.0,25571,,https://img1.doubanio.com/view/subject/m/public/s2742719.jpg
巨流河,齐邦媛 / 生活·读书·新知三联书店 / 2010-10 / 39.00元,8.7,23106,,https://img1.doubanio.com/view/subject/m/public/s4494379.jpg
来不及说我爱你,匪我思存 / 新世界出版社 / 2006-9 / 20.00元,8.0,24445,,https://img1.doubanio.com/view/subject/m/public/s4596329.jpg
离开的，留下的,[意] 埃莱娜·费兰特 / 陈英 / 人民文学出版社 / 2017-10 / 62.00,8.7,22368,,https://img3.doubanio.com/view/subject/m/public/s29535271.jpg
默读,Priest / 百花洲文艺出版社 / 2018-1 / 45.00,8.4,21668,,https://img1.doubanio.com/view/subject/m/public/s29663109.jpg
